motif_id,motif,mage_usage_frequency
0,*C*,0.9946562051773071
1,*O*,0.0
2,*C(*)=O,0.0
3,*SC(C)(C)C(*)*,0.0
4,*C(*)N(*)*,0.0
5,*C(=O)C(*)*,0.0
6,*N*,0.0
7,*C(=O)C(*)N,0.0
8,*c1ccccc1,0.0
9,*CCC,0.0
10,*C(=*)C(*)(C)C(*)(F)C(*)C(*)C(*)(C)C(*)(*)C(*)*,0.0
11,*CC(*)F,0.0
12,*CCC(=O)C=*,0.0
13,*CC(*)O,0.0
14,*C(=O)CO,0.0
15,*N(C)C,0.0
16,*OC,0.0
17,*c1cc(*)c(*)c(*)c1,0.0
18,*CCCC(*)=O,0.0
19,*CCC*,0.0
20,*c1ccc(F)cc1,0.0
21,*CCCC,0.0
22,*C(*)C,0.0
23,*N1CCCCCC1,0.0
24,*CC(*)=O,0.0
25,*NC,0.0
26,*c1ccccc1Cl,0.0
27,*C(=O)C(*)(*)*,0.0
28,*C(=O)C(*)C(=O)O,0.0
29,*C(=O)O,0.0
30,*CC,0.0
31,*N(*)*,0.0
32,*CC*,0.0
33,*c1ccc(Cl)cc1,0.0
34,*C(=*)C(*)(C)C(*)(F)C(*)C(*)C(*)(*)C,0.0
35,*CCC(*)(*)O,0.0
36,*C1CCN(*)CC1,0.0
37,*OC(C)(C)O*,0.0
38,*CO*,0.0
39,*C#C,0.0
40,*CC(*)C,0.0
41,*c1ccc(*)c(*)c1,0.0
42,*C(C)=O,0.0
43,*C(=*)C(*)(C)C(*)C(*)C(*)C(*)(*)C,0.0
44,*CCC(*)O,0.0
45,*C(N)=O,0.0
46,*c1ccncc1,0.0
47,*N1CCN(*)CC1,0.0
48,*c1cccc(Cl)c1,0.0
49,*N1CCN(C)CC1,0.0
50,*C(*)=C,0.0
51,*c1c(O)ccc(Cl)c1*,0.0
52,*C(=*)O,0.0
53,*C(=*)C(*)*,0.0
54,*C(*)C(*)(*)O,0.0
55,*C(=O)C(C(=O)C(*)*)=C(N)O,0.0
56,*C(*)O,0.0
57,*C1CN(*)CCN1*,0.0
58,*N1CCC(O)C1,0.0
59,*c1ccccc1*,0.0
60,*CN,0.0
61,*C1OC(*)C(O)C(O)C1N,0.0
62,*C1C(N)CC(N)C(*)C1O,0.0
63,*C1OC(*)C(O)C(N)C1O,0.0
64,*CO,0.0
65,*CC(*)*,0.0
66,*C(*)*,0.0
67,*c1cccc(*)c1*,0.0
68,*CC(*)C*,0.0
69,*c1ccc(*)c(*)c1*,0.0
70,*OCO*,0.0
71,*C(O)C(Cl)(Cl)Cl,0.0
72,*S*,0.0
73,*CCO,0.0
74,*CCCC(*)*,0.0
75,*C(F)(F)F,0.0
76,*c1cccc(*)c1,0.0
77,*N1CCCCC1,0.0003562522178981453
78,*C(C)C,0.0
79,*C1CCCCC1,0.0
80,*CCCC*,0.0
81,*CC(N)=O,0.0
82,*C(=O)C(*)=NOC,0.0
83,*SCC(*)=C(*)*,0.0
84,*c1nnnn1C,0.0
85,*c1csc(N)n1,0.0
86,*C(*)CC,0.0
87,*c1c(O)oc2ccccc2c1=O,0.0
88,*ON=C(*)C(*)=O,0.0
89,*CC(=O)O,0.0
90,*c1ccc(O)cc1,0.0003562522178981453
91,*c1ccnc(*)c1,0.0
92,*N1CCOCC1,0.0
93,*c1[nH]c2ccccc2c1*,0.0
94,*N(*)C,0.0
95,*c1ccc(Cl)c(Cl)c1,0.0
96,*c1ccc(Cl)cc1*,0.0
97,*C(*)C(*)*,0.0
98,*C(=O)C(*)(C)C,0.0
99,*N1CCC(*)(*)CC1,0.0
100,*C1CCC(N)C(*)O1,0.0
101,*C(=O)CN,0.0
102,*c1ccccn1,0.0
103,*N1CCNCC1,0.0
104,*C1=C(C)NC(C)=C(*)C1*,0.0
105,*[N+](=O)[O-],0.0
106,*CC=C,0.0
107,*C(O)CN,0.0
108,*c1cccc(O)c1,0.0
109,*C(*)=*,0.0
110,*CCC(*)=O,0.0
111,*CC(C)C(*)*,0.0
112,*C=CC(=O)C=*,0.0
113,*CC=O,0.0
114,*C1OC(C)C(*)C(*)C1O,0.0
115,*C1OC(*)C(O)C(O)C1O,0.0
116,*c1ccc(*)cc1,0.0
117,*c1ccc(O)c(O)c1,0.0
118,*S(N)(=O)=O,0.0
119,*CC(C)C(*)(*)O,0.0014250088715925813
120,*C#N,0.0
121,*c1c(Cl)cccc1Cl,0.0
122,*N1CCCC1,0.0003562522178981453
123,*c1ccc(O)c(*)c1*,0.0
124,*c1nc2ccccc2c(*)c1*,0.0
125,*CCCC(=O)O,0.0
126,*C(=O)C(*)C,0.0
127,*C1CC1,0.0
128,*C(*)(*)O,0.0
129,*CC(*)C(*)=O,0.0
130,*S(*)(=O)=O,0.0
131,*C(C)(C)C,0.0
132,*CC(*)N(*)C*,0.0
133,*c1c(*)c(O)c(*)c(*)c1O,0.0
134,*c1c(O)c(=O)ccn1*,0.0
135,*C1CC(*)(C)C(O)C(C)O1,0.0
136,*C1CC(C)OC(*)C1O,0.0
137,*C1(*)C(=O)NC(=O)NC1=O,0.0
138,*CC(O)C*,0.0
139,*C=C*,0.0
140,*C(=O)CC,0.0
141,*CC(C)C(*)(*)*,0.0
142,*C1=CCC=CC1,0.0
143,*CC=*,0.0
144,*C(*)C(*)C(*)(CCN(*)C)C(*)*,0.0
145,*c1cccnc1,0.0
146,*c1ccc(O)cc1*,0.0
147,*C1CC(*)N(C)C1,0.0
148,*SC,0.0
149,*NC(=O)C(C)=CC=CC(C)C(O)C(C)C(O)C(C)C(*)C(C)C(*)C=CO*,0.0
150,*C(*)(*)C,0.0028500177431851625
151,*c1cccc(O)c1*,0.0
152,*C(*)(C)O,0.0
153,*n1ccnc1,0.0
154,*NC(O)=C(C(*)=O)N(C)S(*)(=O)=O,0.0
155,*C(*)(C)C,0.0
156,*C1CCCN1*,0.0
157,*c1cc(*)c(*)cc1*,0.0
158,*c1nnnn1*,0.0
159,*c1cc(*)c(Cl)cc1*,0.0
160,*CCC=*,0.0
161,*C(*)(*)*,0.0
162,*C(=O)NC(*)C(=O)NC(*)C(=O)NC(*)C(=O)NC(*)C(*)=O,0.0
163,*CCCN,0.0
164,*CCCl,0.0
165,*S(C)(=O)=O,0.0
166,*C1CC(*)C(*)C(C)O1,0.0
167,*C1C(C)C(=O)C2(CO2)CC(C)C(*)C(C)C(*)C(C)C(=O)OC(C)C1C,0.0
168,*CCC(*)C*,0.0
169,*C1OC(C)C(O)C(O)C1O,0.0
170,*CCC(*)*,0.0
171,*c1ccc(*)o1,0.0
172,*c1noc(*)n1,0.0
173,*c1ncn(-c2cccc(Cl)c2*)c1*,0.0
174,*CN(C)C(*)=O,0.0
175,*C(=O)C(*)O,0.0
176,*C1CC(N)C(*)C(O)C1*,0.0
177,*C(*)C(*)C(*)C(*)(*)C,0.0
178,*c1c(*)c(*)c(O)c(C)c1*,0.0
179,*C(C)C(*)O,0.0
180,*C1COC(*)(*)O1,0.0
181,*c1ccc(Cl)cc1Cl,0.0
182,*C1CC(=O)OC(C)CC=CC=CC(O)C(C)CC(*)C(*)C1*,0.0
183,*C1CC(C)(O)C(*)C(C)O1,0.0
184,*CC(N)C(=O)O,0.0
185,*c1ccc(O)c(*)c1,0.0
186,*c1ccco1,0.0
187,*CCC(*)(*)*,0.0
188,*C1CC(O)C(O)C(C)O1,0.0
189,*=Cc1ccc(O)cc1,0.0
190,*NN,0.0
191,*CCN,0.0
192,*c1nnc(C)s1,0.0
193,*C1OCC(C)(O)C(*)C1O,0.0
194,*C(=O)C(C)(C)C,0.0
195,*C=NC(*)C(*)=O,0.0
196,*C1C(N)CC(N)C(O)C1O,0.0
197,*c1cc2c(cc1F)c(=O)c(*)cn2*,0.0
198,*C(C)(C)C(=O)O,0.0
199,*C(C)O,0.0
200,*CC(*)(O)CC(*)O*,0.0
201,*C1CC(N)C(O)C(C)O1,0.0
202,*C(*)(*)N,0.0
203,*NCNS(*)(=O)=O,0.0
204,*SCC(C)=C(*)*,0.0
205,*c1ccc(N)cc1,0.0
206,*c1csc(N=C(N)N)n1,0.0
207,*=C(CC)c1ccc(O)cc1,0.0
208,*C(*)C(C)Cl,0.0
209,*C(C(*)C(*)(*)C)C(*)C(*)(C)C(*)*,0.0
210,*C1OC(*)C(O)C(O)C1*,0.0
211,*C1C(O)C(O)C(N=C(N)N)C(O)C1N=C(N)N,0.0
212,*c1noc(C)c1*,0.0
213,*CCC(*)C,0.0
214,*N1CC(=O)NC(=O)C1,0.0
215,*c1ccc(C)nc1,0.0
216,*C1CC(O)C(*)C(C)O1,0.0
217,*c1ncc(*)c(=O)[nH]1,0.0
218,*SCC(C=C)=C(*)*,0.0
219,*C(*)C(*)(C)C(*)C(*)C(*)(O)C(*)(*)C,0.0
220,*C1=CC(=O)OC1,0.0
-1,UNK,0.0
