motif_id,motif,mage_prob_importance,mage_binary_importance
0,*C*,0.8229444026947021,0
1,*O*,0.7615448236465454,0
2,*C(*)=O,0.7608303427696228,0
3,*SC(C)(C)C(*)*,0.9139986038208008,0
4,*C(*)N(*)*,0.8477402925491333,0
5,*C(=O)C(*)*,0.7782752513885498,0
6,*N*,0.8074355721473694,0
7,*C(=O)C(*)N,0.7585529685020447,0
8,*c1ccccc1,0.8755491375923157,0
9,*CCC,0.8413203954696655,0
10,*C(=*)C(*)(C)C(*)(F)C(*)C(*)C(*)(C)C(*)(*)C(*)*,0.9692678451538086,0
11,*CC(*)F,0.9002518653869629,0
12,*CCC(=O)C=*,0.7980186939239502,0
13,*CC(*)O,0.7645703554153442,0
14,*C(=O)CO,0.632024884223938,0
15,*N(C)C,0.8170444965362549,0
16,*OC,0.7376251220703125,0
17,*c1cc(*)c(*)c(*)c1,0.9070504903793335,0
18,*CCCC(*)=O,0.8144252896308899,0
19,*CCC*,0.8589107990264893,0
20,*c1ccc(F)cc1,0.9352588653564453,0
21,*CCCC,0.8534128665924072,0
22,*C(*)C,0.8450884819030762,0
23,*N1CCCCCC1,0.8706340789794922,0
24,*CC(*)=O,0.7645703554153442,0
25,*NC,0.8068867325782776,0
26,*c1ccccc1Cl,0.8865411877632141,0
27,*C(=O)C(*)(*)*,0.776542603969574,0
28,*C(=O)C(*)C(=O)O,0.41619348526000977,0
29,*C(=O)O,0.6014853119850159,0
30,*CC,0.8263435363769531,0
31,*N(*)*,0.8219271898269653,0
32,*CC*,0.8369756937026978,0
33,*c1ccc(Cl)cc1,0.888841986656189,0
34,*C(=*)C(*)(C)C(*)(F)C(*)C(*)C(*)(*)C,0.9591573476791382,0
35,*CCC(*)(*)O,0.807970404624939,0
36,*C1CCN(*)CC1,0.8647027611732483,0
37,*OC(C)(C)O*,0.7534973621368408,0
38,*CO*,0.7660584449768066,0
39,*C#C,0.8263435363769531,0
40,*CC(*)C,0.8566500544548035,0
41,*c1ccc(*)c(*)c1,0.9046931266784668,0
42,*C(C)=O,0.763850748538971,0
43,*C(=*)C(*)(C)C(*)C(*)C(*)C(*)(*)C,0.9335213303565979,0
44,*CCC(*)O,0.7908536791801453,0
45,*C(N)=O,0.8146580457687378,0
46,*c1ccncc1,0.8350958824157715,0
47,*N1CCN(*)CC1,0.7999964952468872,0
48,*c1cccc(Cl)c1,0.886360764503479,0
49,*N1CCN(C)CC1,0.7818262577056885,0
50,*C(*)=C,0.8450884819030762,0
51,*c1c(O)ccc(Cl)c1*,0.832636833190918,0
52,*C(=*)O,0.7608303427696228,0
53,*C(=*)C(*)*,0.8515215516090393,0
54,*C(*)C(*)(*)O,0.7886654138565063,0
55,*C(=O)C(C(=O)C(*)*)=C(N)O,0.6231826543807983,0
56,*C(*)O,0.7608303427696228,0
57,*C1CN(*)CCN1*,0.8280803561210632,0
58,*N1CCC(O)C1,0.7275838255882263,0
59,*c1ccccc1*,0.8946734070777893,0
60,*CN,0.8220046758651733,0
61,*C1OC(*)C(O)C(O)C1N,0.5854851603507996,0
62,*C1C(N)CC(N)C(*)C1O,0.7486366033554077,0
63,*C1OC(*)C(O)C(N)C1O,0.5561910271644592,0
64,*CO,0.7280097007751465,0
65,*CC(*)*,0.8431436419487,0
66,*C(*)*,0.8333505988121033,0
67,*c1cccc(*)c1*,0.9057757258415222,0
68,*CC(*)C*,0.8577420115470886,0
69,*c1ccc(*)c(*)c1*,0.9103617072105408,0
70,*OCO*,0.6576377749443054,0
71,*C(O)C(Cl)(Cl)Cl,0.899614155292511,0
72,*S*,0.8599019050598145,0
73,*CCO,0.7487002611160278,0
74,*CCCC(*)*,0.8805618286132812,0
75,*C(F)(F)F,0.9548028111457825,0
76,*c1cccc(*)c1,0.8923301100730896,0
77,*N1CCCCC1,0.8621992468833923,0
78,*C(C)C,0.8369927406311035,0
79,*C1CCCCC1,0.8755491375923157,0
80,*CCCC*,0.8727559447288513,0
81,*CC(N)=O,0.8000271320343018,0
82,*C(=O)C(*)=NOC,0.8082423210144043,0
83,*SCC(*)=C(*)*,0.8987966179847717,0
84,*c1nnnn1C,0.8272300958633423,0
85,*c1csc(N)n1,0.7547071576118469,0
86,*C(*)CC,0.8602772951126099,0
87,*c1c(O)oc2ccccc2c1=O,0.6468239426612854,0
88,*ON=C(*)C(*)=O,0.7827143669128418,0
89,*CC(=O)O,0.4996117353439331,0
90,*c1ccc(O)cc1,0.8113738894462585,0
91,*c1ccnc(*)c1,0.8652431964874268,0
92,*N1CCOCC1,0.8146440386772156,0
93,*c1[nH]c2ccccc2c1*,0.912542998790741,0
94,*N(*)C,0.8237982392311096,0
95,*c1ccc(Cl)c(Cl)c1,0.8909050822257996,0
96,*c1ccc(Cl)cc1*,0.900026798248291,0
97,*C(*)C(*)*,0.8515215516090393,0
98,*C(=O)C(*)(C)C,0.8112102746963501,0
99,*N1CCC(*)(*)CC1,0.8697235584259033,0
100,*C1CCC(N)C(*)O1,0.8760467171669006,0
101,*C(=O)CN,0.744825005531311,0
102,*c1ccccn1,0.8654529452323914,0
103,*N1CCNCC1,0.7862595915794373,0
104,*C1=C(C)NC(C)=C(*)C1*,0.8963257670402527,0
105,*[N+](=O)[O-],0.8229494690895081,0
106,*CC=C,0.8413203954696655,0
107,*C(O)CN,0.744825005531311,0
108,*c1cccc(O)c1,0.8127583265304565,0
109,*C(*)=*,0.833350658416748,0
110,*CCC(*)=O,0.7908536791801453,0
111,*CC(C)C(*)*,0.8795687556266785,0
112,*C=CC(=O)C=*,0.7980186939239502,0
113,*CC=O,0.7487002611160278,0
114,*C1OC(C)C(*)C(*)C1O,0.8377394676208496,0
115,*C1OC(*)C(O)C(O)C1O,0.4786289632320404,0
116,*c1ccc(*)cc1,0.8941318988800049,0
117,*c1ccc(O)c(O)c1,0.691596269607544,0
118,*S(N)(=O)=O,0.6306710839271545,0
119,*CC(C)C(*)(*)O,0.8286510109901428,0
120,*C#N,0.8220046758651733,0
121,*c1c(Cl)cccc1Cl,0.8906136751174927,0
122,*N1CCCC1,0.8533071279525757,0
123,*c1ccc(O)c(*)c1*,0.840580403804779,0
124,*c1nc2ccccc2c(*)c1*,0.9256253838539124,0
125,*CCCC(=O)O,0.5240876078605652,0
126,*C(=O)C(*)C,0.7940493226051331,0
127,*C1CC1,0.840621292591095,0
128,*C(*)(*)O,0.7809367179870605,0
129,*CC(*)C(*)=O,0.7940895557403564,0
130,*S(*)(=O)=O,0.7031551599502563,0
131,*C(C)(C)C,0.8485798239707947,0
132,*CC(*)N(*)C*,0.8614330291748047,0
133,*c1c(*)c(O)c(*)c(*)c1O,0.738182008266449,0
134,*c1c(O)c(=O)ccn1*,0.5998367071151733,0
135,*C1CC(*)(C)C(O)C(C)O1,0.8402116894721985,0
136,*C1CC(C)OC(*)C1O,0.8249846696853638,0
137,*C1(*)C(=O)NC(=O)NC1=O,0.8070898056030273,0
138,*CC(O)C*,0.7706976532936096,0
139,*C=C*,0.8369756937026978,0
140,*C(=O)CC,0.7862047553062439,0
141,*CC(C)C(*)(*)*,0.8815419673919678,0
142,*C1=CCC=CC1,0.8755491375923157,0
143,*CC=*,0.8369756937026978,0
144,*C(*)C(*)C(*)(CCN(*)C)C(*)*,0.8919779062271118,0
145,*c1cccnc1,0.8467645645141602,0
146,*c1ccc(O)cc1*,0.8320675492286682,0
147,*C1CC(*)N(C)C1,0.8597534894943237,0
148,*SC,0.8432681560516357,0
149,*NC(=O)C(C)=CC=CC(C)C(O)C(C)C(O)C(C)C(*)C(C)C(*)C=CO*,0.8434532284736633,0
150,*C(*)(*)C,0.8488722443580627,0
151,*c1cccc(O)c1*,0.8342214226722717,0
152,*C(*)(C)O,0.7818854451179504,0
153,*n1ccnc1,0.800521194934845,0
154,*NC(O)=C(C(*)=O)N(C)S(*)(=O)=O,0.34886252880096436,0
155,*C(*)(C)C,0.8565436005592346,0
156,*C1CCCN1*,0.8729962706565857,0
157,*c1cc(*)c(*)cc1*,0.9079512357711792,0
158,*c1nnnn1*,0.8151497840881348,0
159,*c1cc(*)c(Cl)cc1*,0.9016409516334534,0
160,*CCC=*,0.8589107990264893,0
161,*C(*)(*)*,0.8454246520996094,0
162,*C(=O)NC(*)C(=O)NC(*)C(=O)NC(*)C(=O)NC(*)C(*)=O,0.6217060685157776,0
163,*CCCN,0.829871654510498,0
164,*CCCl,0.8318932056427002,0
165,*S(C)(=O)=O,0.6605367660522461,0
166,*C1CC(*)C(*)C(C)O1,0.9084730744361877,0
167,*C1C(C)C(=O)C2(CO2)CC(C)C(*)C(C)C(*)C(C)C(=O)OC(C)C1C,0.8834739327430725,0
168,*CCC(*)C*,0.8769535422325134,0
169,*C1OC(C)C(O)C(O)C1O,0.496049702167511,0
170,*CCC(*)*,0.8666354417800903,0
171,*c1ccc(*)o1,0.8799957633018494,0
172,*c1noc(*)n1,0.8683885931968689,0
173,*c1ncn(-c2cccc(Cl)c2*)c1*,0.9026526212692261,0
174,*CN(C)C(*)=O,0.802596926689148,0
175,*C(=O)C(*)O,0.6777721047401428,0
176,*C1CC(N)C(*)C(O)C1*,0.8000743985176086,0
177,*C(*)C(*)C(*)C(*)(*)C,0.8973848223686218,0
178,*c1c(*)c(*)c(O)c(C)c1*,0.859899640083313,0
179,*C(C)C(*)O,0.7940493226051331,0
180,*C1COC(*)(*)O1,0.8331978917121887,0
181,*c1ccc(Cl)cc1Cl,0.8904983997344971,0
182,*C1CC(=O)OC(C)CC=CC=CC(O)C(C)CC(*)C(*)C1*,0.8548301458358765,0
183,*C1CC(C)(O)C(*)C(C)O1,0.8643470406532288,0
184,*CC(N)C(=O)O,0.4926184117794037,0
185,*c1ccc(O)c(*)c1,0.8307287693023682,0
186,*c1ccco1,0.855220377445221,0
187,*CCC(*)(*)*,0.8690655827522278,0
188,*C1CC(O)C(O)C(C)O1,0.6897122263908386,0
189,*=Cc1ccc(O)cc1,0.8261966109275818,0
190,*NN,0.7942569851875305,0
191,*CCN,0.8260999321937561,0
192,*c1nnc(C)s1,0.7137982845306396,0
193,*C1OCC(C)(O)C(*)C1O,0.7177618741989136,0
194,*C(=O)C(C)(C)C,0.819970428943634,0
195,*C=NC(*)C(*)=O,0.7865025997161865,0
196,*C1C(N)CC(N)C(O)C1O,0.5469008684158325,0
197,*c1cc2c(cc1F)c(=O)c(*)cn2*,0.9205664992332458,0
198,*C(C)(C)C(=O)O,0.5545135140419006,0
199,*C(C)O,0.7638506889343262,0
200,*CC(*)(O)CC(*)O*,0.7744397521018982,0
201,*C1CC(N)C(O)C(C)O1,0.7564964294433594,0
202,*C(*)(*)N,0.8508164882659912,0
203,*NCNS(*)(=O)=O,0.5778675079345703,0
204,*SCC(C)=C(*)*,0.910467803478241,0
205,*c1ccc(N)cc1,0.8648192882537842,0
206,*c1csc(N=C(N)N)n1,0.7404657006263733,0
207,*=C(CC)c1ccc(O)cc1,0.8530507683753967,0
208,*C(*)C(C)Cl,0.8635990023612976,0
209,*C(C(*)C(*)(*)C)C(*)C(*)(C)C(*)*,0.9335213303565979,0
210,*C1OC(*)C(O)C(O)C1*,0.6644498705863953,0
211,*C1C(O)C(O)C(N=C(N)N)C(O)C1N=C(N)N,0.41096436977386475,0
212,*c1noc(C)c1*,0.8959552049636841,0
213,*CCC(*)C,0.8696398138999939,0
214,*N1CC(=O)NC(=O)C1,0.6786660552024841,0
215,*c1ccc(C)nc1,0.8634286522865295,0
216,*C1CC(O)C(*)C(C)O1,0.8446683883666992,0
217,*c1ncc(*)c(=O)[nH]1,0.7773823142051697,0
218,*SCC(C=C)=C(*)*,0.9194880127906799,0
219,*C(*)C(*)(C)C(*)C(*)C(*)(O)C(*)(*)C,0.8960493803024292,0
220,*C1=CC(=O)OC1,0.6828407049179077,0
-1,UNK,0.0,0
