motif_id,motif,mage_prob_importance,label_0_score,label_1_score
0,*C*,0.7708221673965454,0.014704075641930103,0.016669861972332
1,*O*,0.6163401007652283,0.0015651339199393988,0.007795767858624458
2,*C(*)=O,0.6832993030548096,0.001730771386064589,0.0056883967481553555
3,*SC(C)(C)C(*)*,0.8812639713287354,0.0004443416546564549,0.009616484865546227
4,*C(*)N(*)*,0.8121451139450073,0.0005277074524201453,0.010584941133856773
5,*C(=O)C(*)*,0.7507929801940918,0.0006318887462839484,0.01041887141764164
6,*N*,0.737702488899231,0.003542977152392268,0.015845853835344315
7,*C(=O)C(*)N,0.6809398531913757,0.00036184207419864833,0.006286137737333775
8,*c1ccccc1,0.8462628722190857,0.0021642225328832865,0.0008890777244232595
9,*CCC,0.7838723659515381,0.00562583701685071,0.002023102482780814
10,*C(=*)C(*)(C)C(*)(F)C(*)C(*)C(*)(C)C(*)(*)C(*)*,0.9936845898628235,0.0015471867518499494,8.694313874002546e-05
11,*CC(*)F,0.887959897518158,0.010499624535441399,0.0007465915405191481
12,*CCC(=O)C=*,0.7498027086257935,0.00010173576447414234,3.443228706601076e-05
13,*CC(*)O,0.7052391767501831,0.0011229494120925665,0.001589871826581657
14,*C(=O)CO,0.5129420757293701,0.0001403811329510063,0.0006245897966437042
15,*N(C)C,0.697772204875946,0.0005501257837750018,0.0020493189804255962
16,*OC,0.6077465415000916,0.0005960986018180847,0.004246670752763748
17,*c1cc(*)c(*)c(*)c1,0.9119201898574829,0.006139775738120079,0.0010735377436503768
18,*CCCC(*)=O,0.7465844750404358,9.97050738078542e-05,0.00015587448433507234
19,*CCC*,0.8172685503959656,0.005180679261684418,0.0008523901924490929
20,*c1ccc(F)cc1,0.913553774356842,0.0034107763785868883,7.09315554558998e-06
21,*CCCC,0.8064922094345093,0.006210733205080032,0.0012313870247453451
22,*C(*)C,0.7971027493476868,0.0033303378149867058,0.0030592335388064384
23,*N1CCCCCC1,0.8112560510635376,0.00022463174536824226,0.0035297698341310024
24,*CC(*)=O,0.7052391767501831,0.0018387030577287078,0.00374794052913785
25,*NC,0.699463427066803,0.0011230474337935448,0.007343776989728212
26,*c1ccccc1Cl,0.8662682175636292,0.001599722309038043,0.0007170439348556101
27,*C(=O)C(*)(*)*,0.7857041358947754,4.7537967475363985e-05,0.010727041400969028
28,*C(=O)C(*)C(=O)O,0.42539554834365845,1.2252804481249768e-05,0.005336853675544262
29,*C(=O)O,0.45664218068122864,0.000649617169983685,0.01757773943245411
30,*CC,0.7594289183616638,0.0077964914962649345,0.005379085894674063
31,*N(*)*,0.7662805318832397,0.0007311661611311138,0.0008951631607487798
32,*CC*,0.7950502038002014,0.013559709303081036,0.00310149765573442
33,*c1ccc(Cl)cc1,0.865679919719696,0.0016071762656792998,8.878483640728518e-05
34,*C(=*)C(*)(C)C(*)(F)C(*)C(*)C(*)(*)C,0.9842500686645508,0.0016472244169563055,0.00012903792958240956
35,*CCC(*)(*)O,0.7858560681343079,0.0003351645136717707,0.00021080496662762016
36,*C1CCN(*)CC1,0.8209304213523865,8.625572809251025e-05,1.014110694086412e-05
37,*OC(C)(C)O*,0.6494103074073792,5.423181391961407e-06,1.2531605761978426e-06
38,*CO*,0.689717173576355,0.0026973921339958906,0.02197103574872017
39,*C#C,0.7594289183616638,0.00950919184833765,0.001392916077747941
40,*CC(*)C,0.8188422322273254,0.00024399926769547164,0.0013341092271730304
41,*c1ccc(*)c(*)c1,0.8937264680862427,0.0014409404247999191,0.0003022234595846385
42,*C(C)=O,0.6455339789390564,0.0012564265634864569,0.006375492084771395
43,*C(=*)C(*)(C)C(*)C(*)C(*)C(*)(*)C,0.9696503281593323,0.0008956484962254763,0.00021927569468971342
44,*CCC(*)O,0.7243146896362305,3.26045774272643e-05,0.0017210297519341111
45,*C(N)=O,0.6812917590141296,0.0007172040059231222,0.0041511571034789085
46,*c1ccncc1,0.7848954796791077,0.0006700147641822696,0.0010257678804919124
47,*N1CCN(*)CC1,0.7377036213874817,1.01116511359578e-05,8.178204734576866e-05
48,*c1cccc(Cl)c1,0.8649747371673584,0.001485752989538014,2.432878864055965e-05
49,*N1CCN(C)CC1,0.7007396221160889,1.3039654731983319e-05,0.0014832245651632547
50,*C(*)=C,0.7971027493476868,0.002462883712723851,0.013609283603727818
51,*c1c(O)ccc(Cl)c1*,0.8186340928077698,0.000943570164963603,0.0030126278288662434
52,*C(=*)O,0.6832993030548096,0.0018525428604334593,0.013951938599348068
53,*C(=*)C(*)*,0.8592731952667236,0.004084272310137749,0.021164149045944214
54,*C(*)C(*)(*)O,0.8028123378753662,0.002217708621174097,0.009209289215505123
55,*C(=O)C(C(=O)C(*)*)=C(N)O,0.6429547667503357,0.00018592184642329812,0.0013188475277274847
56,*C(*)O,0.6832993030548096,0.0011588840279728174,0.005725761875510216
57,*C1CN(*)CCN1*,0.7878117561340332,6.680538353975862e-05,0.0009646635153330863
58,*N1CCC(O)C1,0.6160393357276917,0.0001562743855174631,0.0013890963746234775
59,*c1ccccc1*,0.8712034225463867,0.0025836038403213024,0.000473079300718382
60,*CN,0.7056993842124939,0.0004604918649420142,0.023631175979971886
61,*C1OC(*)C(O)C(O)C1N,0.5777886509895325,1.127688756241696e-05,0.002110480098053813
62,*C1C(N)CC(N)C(*)C1O,0.7437355518341064,0.00011448893928900361,0.0037944752257317305
63,*C1OC(*)C(O)C(N)C1O,0.5758911371231079,3.387967080925591e-05,0.0016989464638754725
64,*CO,0.6007073521614075,0.0035888548009097576,0.0404173843562603
65,*CC(*)*,0.8291332721710205,0.014503036625683308,0.002023659646511078
66,*C(*)*,0.8046029806137085,0.004546611104160547,0.0071145324036479
67,*c1cccc(*)c1*,0.8926959037780762,0.0018182131461799145,0.0040043615736067295
68,*CC(*)C*,0.8466622233390808,0.011088195256888866,0.0009792554192245007
69,*c1ccc(*)c(*)c1*,0.9109571576118469,0.003227115608751774,0.000350817950675264
70,*OCO*,0.5208720564842224,0.0012207739055156708,0.0022167349234223366
71,*C(O)C(Cl)(Cl)Cl,0.824755072593689,0.0015040045836940408,1.7520628716738429e-06
72,*S*,0.7459642887115479,0.0007685942691750824,0.005681648850440979
73,*CCO,0.6529714465141296,0.0005678069428540766,0.0016916750464588404
74,*CCCC(*)*,0.8648092150688171,0.0007235878147184849,0.0012733681360259652
75,*C(F)(F)F,0.93677818775177,0.007179564330726862,1.9037257743548253e-06
76,*c1cccc(*)c1,0.8725593686103821,0.0016023556236177683,0.0010899058543145657
77,*N1CCCCC1,0.7891458868980408,0.0001493351737735793,0.00026157282991334796
78,*C(C)C,0.7869921326637268,0.00402649724856019,0.003329596249386668
79,*C1CCCCC1,0.8462628722190857,0.0044109574519097805,0.00030633891583420336
80,*CCCC*,0.8369715809822083,0.006606834940612316,0.0007695577223785222
81,*CC(N)=O,0.70283043384552,0.0049422187730669975,0.0029346586670726538
82,*C(=O)C(*)=NOC,0.7115538120269775,5.5295902711804956e-05,0.0025683161802589893
83,*SCC(*)=C(*)*,0.8910307288169861,0.00018788609304465353,0.010826590470969677
84,*c1nnnn1C,0.7649301290512085,4.230980630381964e-05,0.0027266149409115314
85,*c1csc(N)n1,0.7122570872306824,0.00017826163093559444,0.010202133096754551
86,*C(*)CC,0.8189727663993835,0.006351612042635679,0.0006421268917620182
87,*c1c(O)oc2ccccc2c1=O,0.5853270292282104,2.0293092006795632e-07,0.0010346171911805868
88,*ON=C(*)C(*)=O,0.728623628616333,1.5422399883391336e-05,0.004396258853375912
89,*CC(=O)O,0.4620048999786377,0.00029248028295114636,0.014393472112715244
90,*c1ccc(O)cc1,0.7532516121864319,8.691300172358751e-05,0.0035951328463852406
91,*c1ccnc(*)c1,0.8217931389808655,0.0,0.0
92,*N1CCOCC1,0.7315693497657776,0.0001289603387704119,3.093246778007597e-05
93,*c1[nH]c2ccccc2c1*,0.8786061406135559,0.0010867087403312325,0.00017458805814385414
94,*N(*)C,0.7332149147987366,0.0006305273273028433,0.0009617376490496099
95,*c1ccc(Cl)c(Cl)c1,0.8844771981239319,0.0011266992660239339,0.00013003006461076438
96,*c1ccc(Cl)cc1*,0.8873263001441956,0.0018835077062249184,1.9148061255691573e-05
97,*C(*)C(*)*,0.8592731952667236,0.017162591218948364,0.008224057964980602
98,*C(=O)C(*)(C)C,0.7525830268859863,0.00025504198856651783,0.00248154578730464
99,*N1CCC(*)(*)CC1,0.8467470407485962,0.00012296295608393848,0.00018038757843896747
100,*C1CCC(N)C(*)O1,0.8191900849342346,0.0004910991410724819,0.005053344648331404
101,*C(=O)CN,0.6184199452400208,0.0008446247084066272,0.004536257591098547
102,*c1ccccn1,0.7896093130111694,0.0008338281768374145,0.0021494035609066486
103,*N1CCNCC1,0.6924605369567871,5.432749094325118e-05,0.0018385740695521235
104,*C1=C(C)NC(C)=C(*)C1*,0.8860961198806763,0.002556290477514267,0.00048644383787177503
105,*[N+](=O)[O-],0.7439354062080383,0.007048964500427246,0.0013109231367707253
106,*CC=C,0.7838723659515381,0.00829065777361393,0.0013092650333419442
107,*C(O)CN,0.6184199452400208,3.492935502436012e-05,0.011121105402708054
108,*c1cccc(O)c1,0.754721999168396,0.00039637211011722684,0.0029618991538882256
109,*C(*)=*,0.8046029806137085,0.008010707795619965,0.0076685706153512
110,*CCC(*)=O,0.7243146896362305,0.0002957369142677635,0.00045726762618869543
111,*CC(C)C(*)*,0.8653472661972046,0.001975719816982746,0.00015742813411634415
112,*C=CC(=O)C=*,0.7498027086257935,0.00026446219999343157,0.00012405779852997512
113,*CC=O,0.6529714465141296,0.000191610844922252,0.010936976410448551
114,*C1OC(C)C(*)C(*)C1O,0.8161203265190125,0.0001529432920506224,0.002291960408911109
115,*C1OC(*)C(O)C(O)C1O,0.48277536034584045,5.60258595214691e-05,0.0012868333142250776
116,*c1ccc(*)cc1,0.8723993897438049,0.0017258243169635534,0.002024752786383033
117,*c1ccc(O)c(O)c1,0.619819164276123,0.00011128106416435912,0.006229965947568417
118,*S(N)(=O)=O,0.5977968573570251,0.0004006056406069547,0.0018109562806785107
119,*CC(C)C(*)(*)O,0.8046337962150574,0.0006933169206604362,0.00024694515741430223
120,*C#N,0.7056993842124939,0.00043844670290127397,0.0008187806815840304
121,*c1c(Cl)cccc1Cl,0.8822474479675293,0.004120136611163616,0.0016496049938723445
122,*N1CCCC1,0.7651366591453552,0.0005874370690435171,0.00020829947607126087
123,*c1ccc(O)c(*)c1*,0.8272514939308167,0.0002053920179605484,0.0003745846915990114
124,*c1nc2ccccc2c(*)c1*,0.9107023477554321,0.0001575828791828826,1.875451926025562e-05
125,*CCCC(=O)O,0.4812401235103607,8.32494260976091e-05,0.006577164400368929
126,*C(=O)C(*)C,0.7300474643707275,0.001391067635267973,0.0042457920499145985
127,*C1CC1,0.785679042339325,0.004311533644795418,0.0011055973591282964
128,*C(*)(*)O,0.7419419884681702,0.000881737214513123,0.006315319798886776
129,*CC(*)C(*)=O,0.7709323763847351,0.0009347232989966869,0.0036936954129487276
130,*S(*)(=O)=O,0.598814845085144,0.0003485396155156195,0.0010351529344916344
131,*C(C)(C)C,0.810137927532196,0.005221879109740257,0.003838693257421255
132,*CC(*)N(*)C*,0.8510981202125549,0.0005193649558350444,0.00010090686555486172
133,*c1c(*)c(O)c(*)c(*)c1O,0.7901387214660645,0.0002718936593737453,0.0024854373186826706
134,*c1c(O)c(=O)ccn1*,0.58221435546875,1.7752847270458005e-05,0.003972345497459173
135,*C1CC(*)(C)C(O)C(C)O1,0.7979137897491455,0.00012402486754581332,0.002802513539791107
136,*C1CC(C)OC(*)C1O,0.7755396962165833,0.00013018251047469676,0.0035427724942564964
137,*C1(*)C(=O)NC(=O)NC1=O,0.6991438865661621,5.620167212327942e-05,1.0713098163250834e-05
138,*CC(O)C*,0.7337062358856201,0.0006265378906391561,0.001429735217243433
139,*C=C*,0.7950502038002014,0.015279781073331833,0.005538955330848694
140,*C(=O)CC,0.6716646552085876,0.0005510638584382832,0.0018887013429775834
141,*CC(C)C(*)(*)*,0.8869996666908264,0.0012213486479595304,0.0006515039713121951
142,*C1=CCC=CC1,0.8462628722190857,0.00013370189117267728,0.007981750182807446
143,*CC=*,0.7950502038002014,0.03802116960287094,0.009513815864920616
144,*C(*)C(*)C(*)(CCN(*)C)C(*)*,0.9471797943115234,0.0,0.0
145,*c1cccnc1,0.7869424223899841,0.001718609593808651,0.0004908455885015428
146,*c1ccc(O)cc1*,0.7908889055252075,0.00014401385851670057,7.776274287607521e-05
147,*C1CC(*)N(C)C1,0.8145221471786499,0.00043719596578739583,0.004099559038877487
148,*SC,0.7590710520744324,0.004681669641286135,0.024410922080278397
149,*NC(=O)C(C)=CC=CC(C)C(O)C(C)C(O)C(C)C(*)C(C)C(*)C=CO*,0.8983427882194519,4.00699673264171e-06,0.0002626450441312045
150,*C(*)(*)C,0.8306478261947632,0.0011888592271134257,0.008994159288704395
151,*c1cccc(O)c1*,0.7939643263816833,0.00037904735654592514,0.003456314094364643
152,*C(*)(C)O,0.71908038854599,0.0013673122739419341,0.005416446831077337
153,*n1ccnc1,0.7011082172393799,0.0,0.0
154,*NC(O)=C(C(*)=O)N(C)S(*)(=O)=O,0.46343299746513367,0.0002443365810904652,0.0007857180899009109
155,*C(*)(C)C,0.8171071410179138,0.002648058347404003,0.002916997531428933
156,*C1CCCN1*,0.8026741743087769,0.000227034353883937,0.00044780451571568847
157,*c1cc(*)c(*)cc1*,0.9118068218231201,0.008292675949633121,0.0011593051021918654
158,*c1nnnn1*,0.791560173034668,5.619079456664622e-05,0.0017274614656344056
159,*c1cc(*)c(Cl)cc1*,0.9077218770980835,0.0023353639990091324,0.0003616363392211497
160,*CCC=*,0.8172685503959656,0.007781516294926405,0.000989570515230298
161,*C(*)(*)*,0.8344187140464783,2.8735754312947392e-05,0.0029119267128407955
162,*C(=O)NC(*)C(=O)NC(*)C(=O)NC(*)C(=O)NC(*)C(*)=O,0.6392059922218323,4.413961904314867e-11,5.488347189913645e-12
163,*CCCN,0.7589781880378723,0.003469000570476055,0.0005750012351199985
164,*CCCl,0.7895681262016296,0.004956207703799009,6.0497539379866794e-05
165,*S(C)(=O)=O,0.5729372501373291,3.6071083741262555e-05,0.0011442112736403942
166,*C1CC(*)C(*)C(C)O1,0.8842381238937378,0.0002537094405852258,0.0034013816621154547
167,*C1C(C)C(=O)C2(CO2)CC(C)C(*)C(C)C(*)C(C)C(=O)OC(C)C1C,0.9050167202949524,2.858673951777746e-06,0.0003491516108624637
168,*CCC(*)C*,0.8637561798095703,0.013850627467036247,0.0021571696270257235
169,*C1OC(C)C(O)C(O)C1O,0.45586565136909485,1.3334607729120762e-07,0.0011177454143762589
170,*CCC(*)*,0.8481882214546204,0.0019685353618115187,0.0005408398574218154
171,*c1ccc(*)o1,0.8158546090126038,0.0005689551471732557,0.00013623922131955624
172,*c1noc(*)n1,0.7997111678123474,0.0004832552804145962,0.00023271804093383253
173,*c1ncn(-c2cccc(Cl)c2*)c1*,0.9102372527122498,0.0006898264400660992,0.0003321951371617615
174,*CN(C)C(*)=O,0.7000387907028198,0.000687152030877769,0.001344891730695963
175,*C(=O)C(*)O,0.5760921239852905,0.0004753308021463454,0.004888884257525206
176,*C1CC(N)C(*)C(O)C1*,0.815300464630127,0.00011274152348050848,0.00498474994674325
177,*C(*)C(*)C(*)C(*)(*)C,0.9325380921363831,0.006248733028769493,0.0009704522090032697
178,*c1c(*)c(*)c(O)c(C)c1*,0.8708760142326355,0.00015558089944534004,0.004406393971294165
179,*C(C)C(*)O,0.7300474643707275,0.0,0.0
180,*C1COC(*)(*)O1,0.795113205909729,0.0,0.0
181,*c1ccc(Cl)cc1Cl,0.8809123635292053,0.0,0.0
182,*C1CC(=O)OC(C)CC=CC=CC(O)C(C)CC(*)C(*)C1*,0.8957821130752563,5.447667263069889e-06,0.0007391663384623826
183,*C1CC(C)(O)C(*)C(C)O1,0.8001244068145752,1.0030637895397376e-05,0.0013610064052045345
184,*CC(N)C(=O)O,0.4534396827220917,2.873307494155597e-06,0.008027247153222561
185,*c1ccc(O)c(*)c1,0.7951341271400452,0.0002655161952134222,0.0014127071481198072
186,*c1ccco1,0.7883548736572266,0.0006694522453472018,0.003999938722699881
187,*CCC(*)(*)*,0.8732771873474121,0.0006130571709945798,0.00043943533091805875
188,*C1CC(O)C(O)C(C)O1,0.5875709652900696,3.0599079764215276e-05,0.0015037687262520194
189,*=Cc1ccc(O)cc1,0.7765397429466248,0.0,0.0
190,*NN,0.7279604077339172,0.0001125980488723144,0.005570357199758291
191,*CCN,0.7345889806747437,0.021205535158514977,0.007190264295786619
192,*c1nnc(C)s1,0.680425226688385,0.00020072163897566497,0.006855446845293045
193,*C1OCC(C)(O)C(*)C1O,0.6527172923088074,8.025344868656248e-05,0.0019625150598585606
194,*C(=O)C(C)(C)C,0.7264128923416138,0.0008958019898273051,0.0038195427041500807
195,*C=NC(*)C(*)=O,0.7311335206031799,2.2340667783282697e-05,0.0046244109980762005
196,*C1C(N)CC(N)C(O)C1O,0.5308752059936523,1.1825788533315063e-05,0.003139690263196826
197,*c1cc2c(cc1F)c(=O)c(*)cn2*,0.9158948659896851,4.697822441812605e-05,0.0017757629975676537
198,*C(C)(C)C(=O)O,0.5039371252059937,0.0005029499297961593,0.0055191610008478165
199,*C(C)O,0.6455339789390564,0.0019973774906247854,0.02203596942126751
200,*CC(*)(O)CC(*)O*,0.7737147212028503,0.0002915484074037522,0.002895141253247857
201,*C1CC(N)C(O)C(C)O1,0.6850410103797913,0.00013013019633945078,0.0014435293851420283
202,*C(*)(*)N,0.7927930355072021,0.0006036740960553288,0.018727073445916176
203,*NCNS(*)(=O)=O,0.6264166235923767,0.0,0.0
204,*SCC(C)=C(*)*,0.8834797143936157,8.387505658902228e-05,0.010811572894454002
205,*c1ccc(N)cc1,0.8296618461608887,0.001643077819608152,7.095564069459215e-05
206,*c1csc(N=C(N)N)n1,0.732944667339325,0.0006116930744610727,0.00014943964197300375
207,*=C(CC)c1ccc(O)cc1,0.8196311593055725,0.0,0.0
208,*C(*)C(C)Cl,0.8421812653541565,0.0008277993183583021,0.0035845343954861164
209,*C(C(*)C(*)(*)C)C(*)C(*)(C)C(*)*,0.9696503281593323,0.0010728688212111592,0.0004644630244001746
210,*C1OC(*)C(O)C(O)C1*,0.6742265224456787,5.7346482208231464e-05,0.0014375437749549747
211,*C1C(O)C(O)C(N=C(N)N)C(O)C1N=C(N)N,0.48969724774360657,1.9671890640893253e-06,0.0006082680192776024
212,*c1noc(C)c1*,0.8376952409744263,0.0004281404544599354,0.0034563769586384296
213,*CCC(*)C,0.8385485410690308,0.0,0.0
214,*N1CC(=O)NC(=O)C1,0.561756432056427,6.954242053325288e-06,0.0015862924046814442
215,*c1ccc(C)nc1,0.8138470649719238,0.0,0.0
216,*C1CC(O)C(*)C(C)O1,0.7747697830200195,8.280503971036524e-05,0.0005885895225219429
217,*c1ncc(*)c(=O)[nH]1,0.7090250253677368,8.464124221063685e-06,0.0004912764998152852
218,*SCC(C=C)=C(*)*,0.8972752094268799,1.3890340596844908e-05,0.007304338272660971
219,*C(*)C(*)(C)C(*)C(*)C(*)(O)C(*)(*)C,0.9547748565673828,0.0001526211854070425,0.0011612463276833296
220,*C1=CC(=O)OC1,0.5768129229545593,0.0001233338116435334,0.0009384079603478312
-1,UNK,0.0,0,0,0
